MEDIA_ID,MEDIA_NAME,CNT,TIME,FPOGX,FPOGY,FPOGS,FPOGD,FPOGID,FPOGV,TTL0,TTL1,TTLV,SACCADE_MAG,SACCADE_DIR
0,NewMedia,192,1.28605,0.19336,0.66049,0,1.28605,1,1,1,1,0,0,0
0,NewMedia,344,2.30394,0.78263,0.61979,1.35439,0.94955,2,1,1,1,0,1132.25195,2.22488
0,NewMedia,417,2.79327,0.78188,0.03076,2.35495,0.43834,3,1,1,1,0,636.15399,90.12971
0,NewMedia,443,2.96744,0.77489,0.11945,2.79982,0.16763,4,1,1,1,0,96.72085,262.02402
0,NewMedia,463,3.10148,0.78377,0.10448,2.97401,0.12747,5,1,1,1,0,23.49644,43.47886
0,NewMedia,523,3.50322,0.77863,0.13077,3.10759,0.39563,6,1,1,1,0,30.05942,250.83359